art_id,ann,criteriaID,annotation
1,gpt4-o,ArtBias,2
1,gpt4-o,Type,1
1,gpt4-o,SensLang,3
1,gpt4-o,NegTarg2,['1']
1,gpt4-o,LedePres,1
1,gpt4-o,NegTarg1,1
1,gpt4-o,HeadAcc1,4
2,gpt4-o,ArtBias,2
2,gpt4-o,LedePres,1
2,gpt4-o,HeadAcc1,3
2,gpt4-o,NegTarg1,1
2,gpt4-o,Type,1
2,gpt4-o,NegTarg2,['4']
2,gpt4-o,SensLang,2
3,gpt4-o,HeadAcc1,4
3,gpt4-o,ArtBias,2
3,gpt4-o,NegTarg1,1
3,gpt4-o,NegTarg2,['4']
3,gpt4-o,Type,1
3,gpt4-o,SensLang,2
3,gpt4-o,LedePres,2
4,gpt4-o,ArtBias,3
4,gpt4-o,HeadAcc1,3
4,gpt4-o,LedePres,2
4,gpt4-o,NegTarg1,1
4,gpt4-o,Type,1
4,gpt4-o,NegTarg2,['4']
4,gpt4-o,SensLang,3
5,gpt4-o,LedePres,2
5,gpt4-o,NegTarg2,['-1']
5,gpt4-o,Type,1
5,gpt4-o,SensLang,2
5,gpt4-o,ArtBias,3
5,gpt4-o,NegTarg1,1
6,gpt4-o,HeadAcc1,3
6,gpt4-o,Type,1
6,gpt4-o,SensLang,4
6,gpt4-o,LedePres,1
6,gpt4-o,ArtBias,3
6,gpt4-o,NegTarg2,['1']
6,gpt4-o,NegTarg1,1
7,gpt4-o,NegTarg1,1
7,gpt4-o,SensLang,4
7,gpt4-o,ArtBias,4
7,gpt4-o,HeadAcc1,4
7,gpt4-o,LedePres,2
7,gpt4-o,Type,1
7,gpt4-o,NegTarg2,['4']
8,gpt4-o,SensLang,4
8,gpt4-o,LedePres,2
8,gpt4-o,NegTarg1,1
8,gpt4-o,NegTarg2,['4']
8,gpt4-o,Type,1
8,gpt4-o,HeadAcc1,4
8,gpt4-o,ArtBias,4
9,gpt4-o,Type,1
9,gpt4-o,NegTarg2,['1']
9,gpt4-o,SensLang,4
9,gpt4-o,HeadAcc1,3
9,gpt4-o,LedePres,1
9,gpt4-o,NegTarg1,1
9,gpt4-o,ArtBias,3
10,gpt4-o,SensLang,3
10,gpt4-o,Type,1
10,gpt4-o,LedePres,1
10,gpt4-o,NegTarg1,1
10,gpt4-o,NegTarg2,['4']
10,gpt4-o,HeadAcc1,3
10,gpt4-o,ArtBias,3
11,gpt4-o,NegTarg1,1
11,gpt4-o,LedePres,2
11,gpt4-o,SensLang,4
11,gpt4-o,NegTarg2,['-1']
11,gpt4-o,Type,1
11,gpt4-o,ArtBias,4
11,gpt4-o,HeadAcc1,4
12,gpt4-o,SensLang,3
12,gpt4-o,NegTarg1,1
12,gpt4-o,HeadAcc1,4
12,gpt4-o,LedePres,1
12,gpt4-o,Type,1
12,gpt4-o,NegTarg2,['1']
12,gpt4-o,ArtBias,3
13,gpt4-o,HeadAcc1,4
13,gpt4-o,ArtBias,4
13,gpt4-o,Type,1
13,gpt4-o,NegTarg2,['-1']
13,gpt4-o,NegTarg1,1
13,gpt4-o,LedePres,2
13,gpt4-o,SensLang,4
14,gpt4-o,HeadAcc1,4
14,gpt4-o,ArtBias,3
14,gpt4-o,LedePres,1
14,gpt4-o,Type,1
14,gpt4-o,NegTarg1,1
14,gpt4-o,NegTarg2,['1']
14,gpt4-o,SensLang,3
15,gpt4-o,Type,2
15,gpt4-o,NegTarg2,['2']
15,gpt4-o,LedePres,1
15,gpt4-o,SensLang,1
15,gpt4-o,HeadAcc1,2
15,gpt4-o,ArtBias,1
15,gpt4-o,NegTarg1,2
16,gpt4-o,Type,1
16,gpt4-o,NegTarg1,1
16,gpt4-o,HeadAcc1,4
16,gpt4-o,ArtBias,4
16,gpt4-o,LedePres,2
16,gpt4-o,NegTarg2,['-1']
16,gpt4-o,SensLang,4
17,gpt4-o,LedePres,2
17,gpt4-o,HeadAcc1,4
17,gpt4-o,ArtBias,3
17,gpt4-o,NegTarg2,['-1']
17,gpt4-o,SensLang,3
17,gpt4-o,NegTarg1,1
17,gpt4-o,Type,1
18,gpt4-o,LedePres,1
18,gpt4-o,ArtBias,4
18,gpt4-o,NegTarg1,1
18,gpt4-o,NegTarg2,['-1']
18,gpt4-o,Type,1
18,gpt4-o,SensLang,4
18,gpt4-o,HeadAcc1,3
19,gpt4-o,HeadAcc1,4
19,gpt4-o,ArtBias,4
19,gpt4-o,NegTarg2,['4']
19,gpt4-o,Type,1
19,gpt4-o,SensLang,3
19,gpt4-o,NegTarg1,1
19,gpt4-o,LedePres,1
20,gpt4-o,NegTarg2,['-1']
20,gpt4-o,NegTarg1,1
20,gpt4-o,SensLang,3
20,gpt4-o,Type,1
20,gpt4-o,HeadAcc1,4
20,gpt4-o,ArtBias,3
20,gpt4-o,LedePres,2
21,gpt4-o,SensLang,3
21,gpt4-o,Type,5
21,gpt4-o,NegTarg1,1
21,gpt4-o,LedePres,1
21,gpt4-o,NegTarg2,['-1']
21,gpt4-o,HeadAcc1,4
21,gpt4-o,ArtBias,2
22,gpt4-o,LedePres,2
22,gpt4-o,SensLang,4
22,gpt4-o,Type,1
22,gpt4-o,NegTarg1,1
22,gpt4-o,NegTarg2,['-1']
22,gpt4-o,ArtBias,4
22,gpt4-o,HeadAcc1,4
23,gpt4-o,LedePres,2
23,gpt4-o,SensLang,3
23,gpt4-o,HeadAcc1,4
23,gpt4-o,ArtBias,4
23,gpt4-o,NegTarg1,1
23,gpt4-o,NegTarg2,['4']
23,gpt4-o,Type,1
24,gpt4-o,ArtBias,2
24,gpt4-o,NegTarg2,['4']
24,gpt4-o,HeadAcc1,4
24,gpt4-o,Type,1
24,gpt4-o,SensLang,3
24,gpt4-o,NegTarg1,1
24,gpt4-o,LedePres,2
25,gpt4-o,NegTarg2,['4']
25,gpt4-o,Type,1
25,gpt4-o,SensLang,3
25,gpt4-o,ArtBias,3
25,gpt4-o,HeadAcc1,4
25,gpt4-o,LedePres,2
25,gpt4-o,NegTarg1,1
26,gpt4-o,Type,1
26,gpt4-o,SensLang,4
26,gpt4-o,HeadAcc1,4
26,gpt4-o,NegTarg2,['1']
26,gpt4-o,NegTarg1,1
26,gpt4-o,ArtBias,3
26,gpt4-o,LedePres,2
27,gpt4-o,SensLang,4
27,gpt4-o,Type,1
27,gpt4-o,HeadAcc1,4
27,gpt4-o,LedePres,1
27,gpt4-o,ArtBias,3
27,gpt4-o,NegTarg2,['1']
27,gpt4-o,NegTarg1,1
28,gpt4-o,Type,2
28,gpt4-o,NegTarg1,2
28,gpt4-o,HeadAcc1,4
28,gpt4-o,ArtBias,1
28,gpt4-o,LedePres,1
28,gpt4-o,NegTarg2,['2']
28,gpt4-o,SensLang,2
29,gpt4-o,LedePres,2
29,gpt4-o,NegTarg1,1
29,gpt4-o,SensLang,3
29,gpt4-o,NegTarg2,['-1']
29,gpt4-o,ArtBias,4
29,gpt4-o,Type,1
29,gpt4-o,HeadAcc1,4
30,gpt4-o,ArtBias,4
30,gpt4-o,NegTarg2,['4']
30,gpt4-o,SensLang,3
30,gpt4-o,HeadAcc1,4
30,gpt4-o,NegTarg1,1
30,gpt4-o,LedePres,2
30,gpt4-o,Type,1
31,gpt4-o,ArtBias,3
31,gpt4-o,HeadAcc1,4
31,gpt4-o,LedePres,2
31,gpt4-o,NegTarg1,1
31,gpt4-o,NegTarg2,['1']
31,gpt4-o,SensLang,3
31,gpt4-o,Type,1
32,gpt4-o,Type,2
32,gpt4-o,NegTarg1,2
32,gpt4-o,ArtBias,1
32,gpt4-o,HeadAcc1,3
32,gpt4-o,LedePres,1
32,gpt4-o,NegTarg2,['1']
32,gpt4-o,SensLang,2
33,gpt4-o,HeadAcc1,4
33,gpt4-o,ArtBias,4
33,gpt4-o,Type,1
33,gpt4-o,SensLang,4
33,gpt4-o,NegTarg2,['-1']
33,gpt4-o,NegTarg1,1
33,gpt4-o,LedePres,1
34,gpt4-o,ArtBias,4
34,gpt4-o,Type,1
34,gpt4-o,NegTarg2,['-1']
34,gpt4-o,SensLang,4
34,gpt4-o,HeadAcc1,3
34,gpt4-o,NegTarg1,1
34,gpt4-o,LedePres,1
35,gpt4-o,Type,1
35,gpt4-o,LedePres,2
35,gpt4-o,ArtBias,4
35,gpt4-o,NegTarg2,['-1']
35,gpt4-o,SensLang,3
35,gpt4-o,NegTarg1,1
35,gpt4-o,HeadAcc1,4
36,gpt4-o,ArtBias,3
36,gpt4-o,NegTarg1,1
36,gpt4-o,LedePres,1
36,gpt4-o,NegTarg2,['-1']
36,gpt4-o,HeadAcc1,4
36,gpt4-o,Type,5
36,gpt4-o,SensLang,3
37,gpt4-o,NegTarg1,1
37,gpt4-o,Type,5
37,gpt4-o,HeadAcc1,3
37,gpt4-o,SensLang,2
37,gpt4-o,NegTarg2,['1']
37,gpt4-o,ArtBias,3
37,gpt4-o,LedePres,1
38,gpt4-o,HeadAcc1,4
38,gpt4-o,SensLang,4
38,gpt4-o,NegTarg2,['-1']
38,gpt4-o,ArtBias,4
38,gpt4-o,LedePres,2
38,gpt4-o,NegTarg1,1
38,gpt4-o,Type,1
39,gpt4-o,NegTarg2,['1']
39,gpt4-o,SensLang,3
39,gpt4-o,LedePres,1
39,gpt4-o,Type,1
39,gpt4-o,ArtBias,2
39,gpt4-o,HeadAcc1,4
39,gpt4-o,NegTarg1,2
40,gpt4-o,LedePres,1
40,gpt4-o,ArtBias,4
40,gpt4-o,HeadAcc1,4
40,gpt4-o,NegTarg1,1
40,gpt4-o,SensLang,4
40,gpt4-o,Type,1
40,gpt4-o,NegTarg2,['-1']
41,gpt4-o,ArtBias,3
41,gpt4-o,HeadAcc1,4
41,gpt4-o,LedePres,2
41,gpt4-o,Type,1
41,gpt4-o,NegTarg1,1
41,gpt4-o,SensLang,3
41,gpt4-o,NegTarg2,['2']
42,gpt4-o,SensLang,2
42,gpt4-o,NegTarg2,['1']
42,gpt4-o,NegTarg1,2
42,gpt4-o,HeadAcc1,4
42,gpt4-o,ArtBias,2
42,gpt4-o,LedePres,1
42,gpt4-o,Type,2
43,gpt4-o,Type,1
43,gpt4-o,HeadAcc1,4
43,gpt4-o,ArtBias,4
43,gpt4-o,LedePres,2
43,gpt4-o,NegTarg1,1
43,gpt4-o,SensLang,4
43,gpt4-o,NegTarg2,['-1']
44,gpt4-o,NegTarg2,['1']
44,gpt4-o,NegTarg1,1
44,gpt4-o,HeadAcc1,4
44,gpt4-o,ArtBias,3
44,gpt4-o,LedePres,1
44,gpt4-o,Type,1
44,gpt4-o,SensLang,3
45,gpt4-o,NegTarg1,1
45,gpt4-o,NegTarg2,['-1']
45,gpt4-o,ArtBias,3
45,gpt4-o,HeadAcc1,4
45,gpt4-o,SensLang,3
45,gpt4-o,Type,1
45,gpt4-o,LedePres,1
46,gpt4-o,SensLang,3
46,gpt4-o,LedePres,1
46,gpt4-o,NegTarg2,['-1']
46,gpt4-o,HeadAcc1,4
46,gpt4-o,ArtBias,3
46,gpt4-o,NegTarg1,1
46,gpt4-o,Type,1
47,gpt4-o,LedePres,1
47,gpt4-o,HeadAcc1,4
47,gpt4-o,NegTarg1,1
47,gpt4-o,Type,1
47,gpt4-o,SensLang,3
47,gpt4-o,NegTarg2,['-1']
47,gpt4-o,ArtBias,3
48,gpt4-o,SensLang,3
48,gpt4-o,NegTarg1,1
48,gpt4-o,ArtBias,3
48,gpt4-o,HeadAcc1,4
48,gpt4-o,Type,1
48,gpt4-o,NegTarg2,"['1', '3', '2']"
48,gpt4-o,LedePres,1
49,gpt4-o,LedePres,1
49,gpt4-o,NegTarg1,1
49,gpt4-o,Type,2
49,gpt4-o,SensLang,3
49,gpt4-o,ArtBias,2
49,gpt4-o,NegTarg2,['1']
49,gpt4-o,HeadAcc1,4
50,gpt4-o,LedePres,1
50,gpt4-o,NegTarg1,1
50,gpt4-o,NegTarg2,['-1']
50,gpt4-o,HeadAcc1,4
50,gpt4-o,ArtBias,4
50,gpt4-o,SensLang,4
50,gpt4-o,Type,1
51,gpt4-o,NegTarg2,['4']
51,gpt4-o,SensLang,4
51,gpt4-o,ArtBias,3
51,gpt4-o,HeadAcc1,4
51,gpt4-o,Type,1
51,gpt4-o,NegTarg1,1
51,gpt4-o,LedePres,1
52,gpt4-o,LedePres,1
52,gpt4-o,SensLang,3
52,gpt4-o,ArtBias,3
52,gpt4-o,Type,1
52,gpt4-o,HeadAcc1,4
52,gpt4-o,NegTarg1,1
52,gpt4-o,NegTarg2,['-1']
53,gpt4-o,ArtBias,3
53,gpt4-o,LedePres,1
53,gpt4-o,NegTarg2,['1']
53,gpt4-o,SensLang,4
53,gpt4-o,NegTarg1,1
53,gpt4-o,HeadAcc1,4
53,gpt4-o,Type,1
54,gpt4-o,Type,3
54,gpt4-o,ArtBias,2
54,gpt4-o,SensLang,2
54,gpt4-o,NegTarg2,['4']
54,gpt4-o,NegTarg1,1
54,gpt4-o,LedePres,1
54,gpt4-o,HeadAcc1,4
55,gpt4-o,NegTarg2,['4']
55,gpt4-o,NegTarg1,1
55,gpt4-o,LedePres,2
55,gpt4-o,ArtBias,4
55,gpt4-o,HeadAcc1,4
55,gpt4-o,Type,1
55,gpt4-o,SensLang,3
56,gpt4-o,Type,5
56,gpt4-o,NegTarg1,1
56,gpt4-o,HeadAcc1,4
56,gpt4-o,ArtBias,3
56,gpt4-o,LedePres,1
56,gpt4-o,SensLang,3
56,gpt4-o,NegTarg2,['-1']
57,gpt4-o,NegTarg1,1
57,gpt4-o,HeadAcc1,3
57,gpt4-o,NegTarg2,['4']
57,gpt4-o,Type,1
57,gpt4-o,ArtBias,3
57,gpt4-o,LedePres,2
57,gpt4-o,SensLang,3
58,gpt4-o,NegTarg2,['4']
58,gpt4-o,LedePres,1
58,gpt4-o,NegTarg1,1
58,gpt4-o,HeadAcc1,4
58,gpt4-o,SensLang,3
58,gpt4-o,Type,1
58,gpt4-o,ArtBias,3
59,gpt4-o,HeadAcc1,3
59,gpt4-o,ArtBias,3
59,gpt4-o,SensLang,3
59,gpt4-o,Type,2
59,gpt4-o,NegTarg2,['4']
59,gpt4-o,NegTarg1,1
59,gpt4-o,LedePres,1
60,gpt4-o,ArtBias,3
60,gpt4-o,HeadAcc1,4
60,gpt4-o,Type,1
60,gpt4-o,SensLang,3
60,gpt4-o,NegTarg2,['4']
60,gpt4-o,LedePres,2
60,gpt4-o,NegTarg1,1
61,gpt4-o,NegTarg2,['-1']
61,gpt4-o,Type,1
61,gpt4-o,SensLang,4
61,gpt4-o,NegTarg1,1
61,gpt4-o,LedePres,2
61,gpt4-o,ArtBias,4
61,gpt4-o,HeadAcc1,4
62,gpt4-o,NegTarg2,['4']
62,gpt4-o,NegTarg1,1
62,gpt4-o,Type,2
62,gpt4-o,LedePres,1
62,gpt4-o,HeadAcc1,3
62,gpt4-o,ArtBias,2
62,gpt4-o,SensLang,4
63,gpt4-o,HeadAcc1,4
63,gpt4-o,NegTarg2,['1']
63,gpt4-o,LedePres,2
63,gpt4-o,NegTarg1,1
63,gpt4-o,SensLang,2
63,gpt4-o,ArtBias,3
63,gpt4-o,Type,1
64,gpt4-o,ArtBias,3
64,gpt4-o,HeadAcc1,3
64,gpt4-o,NegTarg1,1
64,gpt4-o,SensLang,3
64,gpt4-o,LedePres,1
64,gpt4-o,NegTarg2,['1']
64,gpt4-o,Type,1
65,gpt4-o,HeadAcc1,3
65,gpt4-o,NegTarg1,2
65,gpt4-o,LedePres,1
65,gpt4-o,NegTarg2,"['1','3']"
65,gpt4-o,ArtBias,2
65,gpt4-o,Type,1
65,gpt4-o,SensLang,3
66,gpt4-o,ArtBias,3
66,gpt4-o,HeadAcc1,4
66,gpt4-o,NegTarg1,1
66,gpt4-o,LedePres,1
66,gpt4-o,SensLang,3
66,gpt4-o,Type,1
67,gpt4-o,NegTarg2,['4']
67,gpt4-o,HeadAcc1,3
67,gpt4-o,ArtBias,3
67,gpt4-o,Type,1
67,gpt4-o,SensLang,3
67,gpt4-o,LedePres,1
67,gpt4-o,NegTarg1,1
68,gpt4-o,HeadAcc1,3
68,gpt4-o,ArtBias,1
68,gpt4-o,NegTarg1,2
68,gpt4-o,SensLang,2
68,gpt4-o,LedePres,1
68,gpt4-o,NegTarg2,['1']
68,gpt4-o,Type,1
69,gpt4-o,SensLang,3
69,gpt4-o,LedePres,2
69,gpt4-o,HeadAcc1,4
69,gpt4-o,Type,1
69,gpt4-o,NegTarg1,1
69,gpt4-o,NegTarg2,['4']
69,gpt4-o,ArtBias,4
70,gpt4-o,NegTarg2,['1']
70,gpt4-o,NegTarg1,1
70,gpt4-o,ArtBias,3
70,gpt4-o,SensLang,3
70,gpt4-o,HeadAcc1,4
70,gpt4-o,LedePres,1
70,gpt4-o,Type,1
71,gpt4-o,SensLang,2
71,gpt4-o,NegTarg1,2
71,gpt4-o,LedePres,2
71,gpt4-o,ArtBias,2
71,gpt4-o,HeadAcc1,4
71,gpt4-o,NegTarg2,['1']
71,gpt4-o,Type,1
72,gpt4-o,ArtBias,2
72,gpt4-o,Type,2
72,gpt4-o,NegTarg2,['4']
72,gpt4-o,SensLang,2
72,gpt4-o,LedePres,1
72,gpt4-o,NegTarg1,2
72,gpt4-o,HeadAcc1,4
73,gpt4-o,LedePres,1
73,gpt4-o,SensLang,4
73,gpt4-o,NegTarg2,['1']
73,gpt4-o,NegTarg1,1
73,gpt4-o,ArtBias,3
73,gpt4-o,Type,1
73,gpt4-o,HeadAcc1,4
74,gpt4-o,ArtBias,4
74,gpt4-o,HeadAcc1,3
74,gpt4-o,LedePres,1
74,gpt4-o,NegTarg1,1
74,gpt4-o,SensLang,4
74,gpt4-o,Type,1
74,gpt4-o,NegTarg2,['-1']
75,gpt4-o,LedePres,1
75,gpt4-o,NegTarg1,1
75,gpt4-o,NegTarg2,['4']
75,gpt4-o,SensLang,2
75,gpt4-o,Type,1
75,gpt4-o,ArtBias,3
75,gpt4-o,HeadAcc1,4
76,gpt4-o,LedePres,1
76,gpt4-o,NegTarg1,1
76,gpt4-o,Type,1
76,gpt4-o,ArtBias,3
76,gpt4-o,NegTarg2,['1']
76,gpt4-o,SensLang,4
76,gpt4-o,HeadAcc1,4
77,gpt4-o,NegTarg2,['-1']
77,gpt4-o,ArtBias,4
77,gpt4-o,Type,1
77,gpt4-o,NegTarg1,1
77,gpt4-o,SensLang,3
77,gpt4-o,LedePres,1
77,gpt4-o,HeadAcc1,4
78,gpt4-o,Type,1
78,gpt4-o,NegTarg1,1
78,gpt4-o,NegTarg2,['-1']
78,gpt4-o,SensLang,4
78,gpt4-o,LedePres,2
78,gpt4-o,ArtBias,4
78,gpt4-o,HeadAcc1,4
79,gpt4-o,Type,1
79,gpt4-o,HeadAcc1,4
79,gpt4-o,ArtBias,4
79,gpt4-o,NegTarg1,1
79,gpt4-o,NegTarg2,['4']
79,gpt4-o,LedePres,2
79,gpt4-o,SensLang,3
80,gpt4-o,SensLang,4
80,gpt4-o,Type,1
80,gpt4-o,NegTarg1,1
80,gpt4-o,ArtBias,4
80,gpt4-o,LedePres,1
80,gpt4-o,HeadAcc1,4
80,gpt4-o,NegTarg2,['-1']
81,gpt4-o,NegTarg2,['-1']
81,gpt4-o,NegTarg1,1
81,gpt4-o,HeadAcc1,4
81,gpt4-o,Type,1
81,gpt4-o,SensLang,3
81,gpt4-o,LedePres,1
81,gpt4-o,ArtBias,4
82,gpt4-o,HeadAcc1,3
82,gpt4-o,NegTarg1,1
82,gpt4-o,NegTarg2,['-1']
82,gpt4-o,ArtBias,4
82,gpt4-o,SensLang,4
82,gpt4-o,Type,1
82,gpt4-o,LedePres,1
83,gpt4-o,SensLang,3
83,gpt4-o,ArtBias,3
83,gpt4-o,Type,1
83,gpt4-o,HeadAcc1,4
83,gpt4-o,NegTarg2,['-1']
83,gpt4-o,LedePres,2
83,gpt4-o,NegTarg1,1
84,gpt4-o,NegTarg2,['-1']
84,gpt4-o,ArtBias,2
84,gpt4-o,HeadAcc1,3
84,gpt4-o,NegTarg1,1
84,gpt4-o,LedePres,1
84,gpt4-o,Type,2
84,gpt4-o,SensLang,2
85,gpt4-o,NegTarg1,1
85,gpt4-o,ArtBias,3
85,gpt4-o,HeadAcc1,4
85,gpt4-o,Type,1
85,gpt4-o,LedePres,2
85,gpt4-o,SensLang,3
85,gpt4-o,NegTarg2,['4']
86,gpt4-o,ArtBias,4
86,gpt4-o,NegTarg1,1
86,gpt4-o,SensLang,4
86,gpt4-o,HeadAcc1,4
86,gpt4-o,LedePres,2
86,gpt4-o,NegTarg2,['-1']
86,gpt4-o,Type,1
87,gpt4-o,Type,1
87,gpt4-o,HeadAcc1,3
87,gpt4-o,NegTarg2,['1']
87,gpt4-o,NegTarg1,2
87,gpt4-o,ArtBias,3
87,gpt4-o,LedePres,1
87,gpt4-o,SensLang,3
88,gpt4-o,Type,5
88,gpt4-o,LedePres,1
88,gpt4-o,HeadAcc1,3
88,gpt4-o,ArtBias,2
88,gpt4-o,SensLang,2
88,gpt4-o,NegTarg2,['4']
88,gpt4-o,NegTarg1,2
89,gpt4-o,ArtBias,4
89,gpt4-o,HeadAcc1,4
89,gpt4-o,LedePres,1
89,gpt4-o,Type,1
89,gpt4-o,SensLang,4
89,gpt4-o,NegTarg1,1
89,gpt4-o,NegTarg2,['-1']
90,gpt4-o,ArtBias,4
90,gpt4-o,Type,1
90,gpt4-o,SensLang,3
90,gpt4-o,HeadAcc1,4
90,gpt4-o,NegTarg2,['4']
90,gpt4-o,LedePres,2
90,gpt4-o,NegTarg1,1
91,gpt4-o,SensLang,3
91,gpt4-o,NegTarg2,['1']
91,gpt4-o,LedePres,2
91,gpt4-o,Type,1
91,gpt4-o,NegTarg1,1
91,gpt4-o,HeadAcc1,3
91,gpt4-o,ArtBias,3
92,gpt4-o,LedePres,1
92,gpt4-o,ArtBias,3
92,gpt4-o,HeadAcc1,3
92,gpt4-o,SensLang,3
92,gpt4-o,Type,1
92,gpt4-o,NegTarg2,['-1']
92,gpt4-o,NegTarg1,1
93,gpt4-o,SensLang,1
93,gpt4-o,NegTarg2,['1']
93,gpt4-o,NegTarg1,2
93,gpt4-o,LedePres,1
93,gpt4-o,HeadAcc1,3
93,gpt4-o,ArtBias,1
93,gpt4-o,Type,2
94,gpt4-o,Type,2
94,gpt4-o,NegTarg2,['3']
94,gpt4-o,LedePres,1
94,gpt4-o,ArtBias,1
94,gpt4-o,HeadAcc1,3
94,gpt4-o,NegTarg1,2
94,gpt4-o,SensLang,2
95,gpt4-o,HeadAcc1,4
95,gpt4-o,SensLang,3
95,gpt4-o,ArtBias,3
95,gpt4-o,Type,1
95,gpt4-o,NegTarg2,['-1']
95,gpt4-o,LedePres,1
95,gpt4-o,NegTarg1,1
96,gpt4-o,HeadAcc1,4
96,gpt4-o,NegTarg1,1
96,gpt4-o,LedePres,1
96,gpt4-o,NegTarg2,['-1']
96,gpt4-o,Type,1
96,gpt4-o,SensLang,4
96,gpt4-o,ArtBias,4
98,gpt4-o,ArtBias,4
98,gpt4-o,Type,1
98,gpt4-o,SensLang,4
98,gpt4-o,NegTarg2,['3']
98,gpt4-o,HeadAcc1,4
98,gpt4-o,LedePres,2
98,gpt4-o,NegTarg1,1
99,gpt4-o,Type,1
99,gpt4-o,SensLang,3
99,gpt4-o,NegTarg2,['-1']
99,gpt4-o,HeadAcc1,4
99,gpt4-o,ArtBias,4
99,gpt4-o,LedePres,2
99,gpt4-o,NegTarg1,1
100,gpt4-o,NegTarg1,1
100,gpt4-o,Type,1
100,gpt4-o,LedePres,1
100,gpt4-o,NegTarg2,['-1']
100,gpt4-o,SensLang,3
100,gpt4-o,HeadAcc1,4
100,gpt4-o,ArtBias,3
101,gpt4-o,LedePres,2
101,gpt4-o,NegTarg2,['4']
101,gpt4-o,NegTarg1,1
101,gpt4-o,HeadAcc1,3
101,gpt4-o,ArtBias,3
101,gpt4-o,Type,1
101,gpt4-o,SensLang,2
102,gpt4-o,SensLang,3
102,gpt4-o,NegTarg2,['1']
102,gpt4-o,Type,3
102,gpt4-o,ArtBias,2
102,gpt4-o,NegTarg1,1
102,gpt4-o,LedePres,1
102,gpt4-o,HeadAcc1,4
103,gpt4-o,NegTarg1,2
103,gpt4-o,ArtBias,2
103,gpt4-o,LedePres,2
103,gpt4-o,NegTarg2,['4']
103,gpt4-o,HeadAcc1,4
103,gpt4-o,SensLang,2
103,gpt4-o,Type,1
104,gpt4-o,NegTarg1,1
104,gpt4-o,LedePres,2
104,gpt4-o,HeadAcc1,4
104,gpt4-o,SensLang,4
104,gpt4-o,NegTarg2,['-1']
104,gpt4-o,Type,1
104,gpt4-o,ArtBias,3
105,gpt4-o,ArtBias,4
105,gpt4-o,SensLang,4
105,gpt4-o,NegTarg1,1
105,gpt4-o,HeadAcc1,4
105,gpt4-o,Type,1
105,gpt4-o,NegTarg2,['4']
105,gpt4-o,LedePres,1
106,gpt4-o,ArtBias,4
106,gpt4-o,NegTarg2,['4']
106,gpt4-o,SensLang,3
106,gpt4-o,NegTarg1,1
106,gpt4-o,HeadAcc1,4
106,gpt4-o,Type,1
106,gpt4-o,LedePres,2
107,gpt4-o,LedePres,1
107,gpt4-o,SensLang,4
107,gpt4-o,Type,1
107,gpt4-o,ArtBias,3
107,gpt4-o,HeadAcc1,4
107,gpt4-o,NegTarg1,1
107,gpt4-o,NegTarg2,['1']
108,gpt4-o,ArtBias,3
108,gpt4-o,SensLang,3
108,gpt4-o,Type,1
108,gpt4-o,NegTarg2,['-1']
108,gpt4-o,NegTarg1,1
108,gpt4-o,HeadAcc1,4
108,gpt4-o,LedePres,2
109,gpt4-o,NegTarg1,1
109,gpt4-o,LedePres,2
109,gpt4-o,HeadAcc1,4
109,gpt4-o,ArtBias,4
109,gpt4-o,NegTarg2,['-1']
109,gpt4-o,SensLang,4
109,gpt4-o,Type,1
111,gpt4-o,LedePres,2
111,gpt4-o,HeadAcc1,4
111,gpt4-o,ArtBias,3
111,gpt4-o,NegTarg1,1
111,gpt4-o,SensLang,3
111,gpt4-o,Type,1
111,gpt4-o,NegTarg2,['2']
112,gpt4-o,Type,1
112,gpt4-o,NegTarg2,['4']
112,gpt4-o,HeadAcc1,4
112,gpt4-o,LedePres,1
112,gpt4-o,ArtBias,2
112,gpt4-o,NegTarg1,1
112,gpt4-o,SensLang,3
113,gpt4-o,NegTarg2,['4']
113,gpt4-o,LedePres,1
113,gpt4-o,NegTarg1,1
113,gpt4-o,HeadAcc1,3
113,gpt4-o,ArtBias,3
113,gpt4-o,SensLang,3
113,gpt4-o,Type,1
114,gpt4-o,ArtBias,4
114,gpt4-o,HeadAcc1,4
114,gpt4-o,LedePres,2
114,gpt4-o,Type,1
114,gpt4-o,NegTarg2,['-1']
114,gpt4-o,NegTarg1,1
114,gpt4-o,SensLang,3
115,gpt4-o,SensLang,3
115,gpt4-o,NegTarg2,['1']
115,gpt4-o,NegTarg1,1
115,gpt4-o,LedePres,2
115,gpt4-o,ArtBias,3
115,gpt4-o,HeadAcc1,4
115,gpt4-o,Type,1
116,gpt4-o,ArtBias,4
116,gpt4-o,HeadAcc1,4
116,gpt4-o,NegTarg2,['-1']
116,gpt4-o,SensLang,4
116,gpt4-o,Type,1
116,gpt4-o,NegTarg1,1
116,gpt4-o,LedePres,2
117,gpt4-o,SensLang,3
117,gpt4-o,ArtBias,4
117,gpt4-o,HeadAcc1,4
117,gpt4-o,Type,1
117,gpt4-o,NegTarg2,['1']
117,gpt4-o,NegTarg1,1
117,gpt4-o,LedePres,2
118,gpt4-o,NegTarg1,1
118,gpt4-o,LedePres,2
118,gpt4-o,Type,1
118,gpt4-o,SensLang,4
118,gpt4-o,NegTarg2,['2']
118,gpt4-o,ArtBias,3
118,gpt4-o,HeadAcc1,4
119,gpt4-o,LedePres,2
119,gpt4-o,NegTarg1,1
119,gpt4-o,ArtBias,3
119,gpt4-o,Type,1
119,gpt4-o,HeadAcc1,4
119,gpt4-o,SensLang,3
119,gpt4-o,NegTarg2,['4']
120,gpt4-o,ArtBias,4
120,gpt4-o,HeadAcc1,4
120,gpt4-o,NegTarg1,1
120,gpt4-o,LedePres,2
120,gpt4-o,NegTarg2,['-1']
120,gpt4-o,SensLang,4
120,gpt4-o,Type,1
121,gpt4-o,NegTarg2,['4']
121,gpt4-o,NegTarg1,1
121,gpt4-o,SensLang,3
121,gpt4-o,Type,1
121,gpt4-o,LedePres,2
121,gpt4-o,ArtBias,4
121,gpt4-o,HeadAcc1,4
122,gpt4-o,LedePres,1
122,gpt4-o,NegTarg2,['2']
122,gpt4-o,SensLang,2
122,gpt4-o,NegTarg1,2
122,gpt4-o,ArtBias,3
122,gpt4-o,HeadAcc1,4
122,gpt4-o,Type,5
123,gpt4-o,LedePres,2
123,gpt4-o,NegTarg2,['-1']
123,gpt4-o,SensLang,4
123,gpt4-o,NegTarg1,1
123,gpt4-o,Type,1
123,gpt4-o,HeadAcc1,4
123,gpt4-o,ArtBias,4
124,gpt4-o,LedePres,1
124,gpt4-o,NegTarg1,1
124,gpt4-o,NegTarg2,['1']
124,gpt4-o,SensLang,3
124,gpt4-o,ArtBias,2
124,gpt4-o,HeadAcc1,4
124,gpt4-o,Type,1
125,gpt4-o,SensLang,3
125,gpt4-o,Type,1
125,gpt4-o,HeadAcc1,3
125,gpt4-o,ArtBias,3
125,gpt4-o,NegTarg1,1
125,gpt4-o,NegTarg2,['1']
125,gpt4-o,LedePres,1
126,gpt4-o,NegTarg2,['2']
126,gpt4-o,SensLang,2
126,gpt4-o,Type,5
126,gpt4-o,NegTarg1,1
126,gpt4-o,HeadAcc1,4
126,gpt4-o,LedePres,2
126,gpt4-o,ArtBias,3
127,gpt4-o,Type,1
127,gpt4-o,HeadAcc1,2
127,gpt4-o,NegTarg2,['-1']
127,gpt4-o,LedePres,2
127,gpt4-o,NegTarg1,1
127,gpt4-o,ArtBias,4
127,gpt4-o,SensLang,4
128,gpt4-o,LedePres,1
128,gpt4-o,HeadAcc1,4
128,gpt4-o,ArtBias,2
128,gpt4-o,Type,2
128,gpt4-o,NegTarg1,1
128,gpt4-o,NegTarg2,['2']
128,gpt4-o,SensLang,2
129,gpt4-o,Type,1
129,gpt4-o,ArtBias,2
129,gpt4-o,SensLang,1
129,gpt4-o,HeadAcc1,4
129,gpt4-o,LedePres,1
129,gpt4-o,NegTarg2,['4']
129,gpt4-o,NegTarg1,2
130,gpt4-o,ArtBias,2
130,gpt4-o,Type,3
130,gpt4-o,NegTarg1,2
130,gpt4-o,NegTarg2,['4']
130,gpt4-o,SensLang,2
130,gpt4-o,LedePres,1
130,gpt4-o,HeadAcc1,3
131,gpt4-o,NegTarg2,['3']
131,gpt4-o,NegTarg1,2
131,gpt4-o,HeadAcc1,4
131,gpt4-o,ArtBias,3
131,gpt4-o,Type,1
131,gpt4-o,LedePres,2
131,gpt4-o,SensLang,3
132,gpt4-o,NegTarg1,1
132,gpt4-o,LedePres,2
132,gpt4-o,ArtBias,3
132,gpt4-o,HeadAcc1,3
132,gpt4-o,SensLang,3
132,gpt4-o,NegTarg2,['3']
132,gpt4-o,Type,1
133,gpt4-o,NegTarg2,['-1']
133,gpt4-o,HeadAcc1,3
133,gpt4-o,LedePres,2
133,gpt4-o,ArtBias,3
133,gpt4-o,SensLang,4
133,gpt4-o,Type,1
133,gpt4-o,NegTarg1,1
134,gpt4-o,HeadAcc1,3
134,gpt4-o,ArtBias,3
134,gpt4-o,Type,2
134,gpt4-o,NegTarg2,['-1']
134,gpt4-o,SensLang,4
134,gpt4-o,NegTarg1,1
134,gpt4-o,LedePres,1
135,gpt4-o,NegTarg2,['-1']
135,gpt4-o,LedePres,2
135,gpt4-o,Type,1
135,gpt4-o,HeadAcc1,4
135,gpt4-o,NegTarg1,1
135,gpt4-o,SensLang,3
135,gpt4-o,ArtBias,4
136,gpt4-o,NegTarg2,['1']
136,gpt4-o,ArtBias,2
136,gpt4-o,HeadAcc1,4
136,gpt4-o,LedePres,1
136,gpt4-o,NegTarg1,1
136,gpt4-o,Type,1
136,gpt4-o,SensLang,3
137,gpt4-o,LedePres,1
137,gpt4-o,HeadAcc1,3
137,gpt4-o,NegTarg1,1
137,gpt4-o,ArtBias,3
137,gpt4-o,Type,1
137,gpt4-o,SensLang,3
137,gpt4-o,NegTarg2,['4']
138,gpt4-o,SensLang,3
138,gpt4-o,Type,1
138,gpt4-o,NegTarg1,1
138,gpt4-o,LedePres,2
138,gpt4-o,NegTarg2,['4']
138,gpt4-o,ArtBias,4
138,gpt4-o,HeadAcc1,4
139,gpt4-o,HeadAcc1,3
139,gpt4-o,SensLang,4
139,gpt4-o,ArtBias,3
139,gpt4-o,Type,1
139,gpt4-o,LedePres,1
139,gpt4-o,NegTarg2,['1']
139,gpt4-o,NegTarg1,1
140,gpt4-o,HeadAcc1,4
140,gpt4-o,NegTarg2,"['1', '2']"
140,gpt4-o,NegTarg1,2
140,gpt4-o,SensLang,2
140,gpt4-o,Type,1
140,gpt4-o,ArtBias,2
140,gpt4-o,LedePres,1
141,gpt4-o,Type,2
141,gpt4-o,SensLang,3
141,gpt4-o,LedePres,1
141,gpt4-o,ArtBias,2
141,gpt4-o,NegTarg2,['1']
141,gpt4-o,NegTarg1,1
141,gpt4-o,HeadAcc1,3
142,gpt4-o,Type,1
142,gpt4-o,SensLang,2
142,gpt4-o,NegTarg1,1
142,gpt4-o,NegTarg2,"['1', '2']"
142,gpt4-o,ArtBias,2
142,gpt4-o,HeadAcc1,3
142,gpt4-o,LedePres,1
143,gpt4-o,HeadAcc1,4
143,gpt4-o,ArtBias,4
143,gpt4-o,SensLang,3
143,gpt4-o,NegTarg1,1
143,gpt4-o,Type,1
143,gpt4-o,NegTarg2,['-1']
143,gpt4-o,LedePres,2
144,gpt4-o,NegTarg2,['-1']
144,gpt4-o,SensLang,4
144,gpt4-o,LedePres,1
144,gpt4-o,ArtBias,4
144,gpt4-o,Type,1
144,gpt4-o,NegTarg1,1
144,gpt4-o,HeadAcc1,4
145,gpt4-o,NegTarg2,['4']
145,gpt4-o,Type,1
145,gpt4-o,SensLang,4
145,gpt4-o,LedePres,2
145,gpt4-o,HeadAcc1,4
145,gpt4-o,NegTarg1,1
145,gpt4-o,ArtBias,4
146,gpt4-o,NegTarg2,['-1']
146,gpt4-o,SensLang,4
146,gpt4-o,HeadAcc1,4
146,gpt4-o,Type,1
146,gpt4-o,NegTarg1,1
146,gpt4-o,ArtBias,4
146,gpt4-o,LedePres,2
147,gpt4-o,NegTarg2,['4']
147,gpt4-o,SensLang,4
147,gpt4-o,HeadAcc1,4
147,gpt4-o,LedePres,2
147,gpt4-o,ArtBias,4
147,gpt4-o,Type,1
147,gpt4-o,NegTarg1,1
148,gpt4-o,SensLang,2
148,gpt4-o,HeadAcc1,3
148,gpt4-o,LedePres,1
148,gpt4-o,Type,1
148,gpt4-o,NegTarg1,1
148,gpt4-o,NegTarg2,['4']
148,gpt4-o,ArtBias,3
149,gpt4-o,ArtBias,3
149,gpt4-o,SensLang,3
149,gpt4-o,NegTarg1,1
149,gpt4-o,NegTarg2,['1']
149,gpt4-o,Type,1
149,gpt4-o,LedePres,2
149,gpt4-o,HeadAcc1,4
150,gpt4-o,NegTarg2,['4']
150,gpt4-o,ArtBias,3
150,gpt4-o,HeadAcc1,4
150,gpt4-o,LedePres,2
150,gpt4-o,NegTarg1,1
150,gpt4-o,SensLang,3
150,gpt4-o,Type,1
151,gpt4-o,LedePres,2
151,gpt4-o,Type,1
151,gpt4-o,SensLang,2
151,gpt4-o,ArtBias,3
151,gpt4-o,HeadAcc1,4
151,gpt4-o,NegTarg2,['-1']
151,gpt4-o,NegTarg1,1
152,gpt4-o,Type,1
152,gpt4-o,HeadAcc1,4
152,gpt4-o,LedePres,2
152,gpt4-o,SensLang,3
152,gpt4-o,NegTarg1,1
152,gpt4-o,NegTarg2,['4']
152,gpt4-o,ArtBias,4
153,gpt4-o,NegTarg2,['4']
153,gpt4-o,Type,1
153,gpt4-o,SensLang,4
153,gpt4-o,ArtBias,4
153,gpt4-o,LedePres,1
153,gpt4-o,HeadAcc1,4
153,gpt4-o,NegTarg1,1
154,gpt4-o,NegTarg1,1
154,gpt4-o,NegTarg2,['4']
154,gpt4-o,HeadAcc1,3
154,gpt4-o,ArtBias,2
154,gpt4-o,LedePres,1
154,gpt4-o,Type,2
154,gpt4-o,SensLang,3
155,gpt4-o,HeadAcc1,4
155,gpt4-o,LedePres,1
155,gpt4-o,SensLang,2
155,gpt4-o,NegTarg2,['4']
155,gpt4-o,NegTarg1,2
155,gpt4-o,ArtBias,3
155,gpt4-o,Type,1
157,gpt4-o,Type,1
157,gpt4-o,HeadAcc1,4
157,gpt4-o,ArtBias,4
157,gpt4-o,SensLang,4
157,gpt4-o,NegTarg1,1
157,gpt4-o,NegTarg2,['-1']
157,gpt4-o,LedePres,2
158,gpt4-o,NegTarg1,2
158,gpt4-o,Type,2
158,gpt4-o,SensLang,1
158,gpt4-o,ArtBias,1
158,gpt4-o,HeadAcc1,3
158,gpt4-o,NegTarg2,"['1', '4']"
158,gpt4-o,LedePres,1
159,gpt4-o,NegTarg1,2
159,gpt4-o,Type,1
159,gpt4-o,LedePres,1
159,gpt4-o,SensLang,3
159,gpt4-o,HeadAcc1,4
159,gpt4-o,ArtBias,3
159,gpt4-o,NegTarg2,['1']
160,gpt4-o,LedePres,2
160,gpt4-o,NegTarg1,1
160,gpt4-o,SensLang,4
160,gpt4-o,Type,1
160,gpt4-o,HeadAcc1,4
160,gpt4-o,ArtBias,3
160,gpt4-o,NegTarg2,['4']
161,gpt4-o,ArtBias,2
161,gpt4-o,SensLang,3
161,gpt4-o,NegTarg1,1
161,gpt4-o,LedePres,1
161,gpt4-o,HeadAcc1,3
161,gpt4-o,Type,2
161,gpt4-o,NegTarg2,['4']
162,gpt4-o,NegTarg2,['1']
162,gpt4-o,SensLang,3
162,gpt4-o,HeadAcc1,3
162,gpt4-o,ArtBias,2
162,gpt4-o,LedePres,1
162,gpt4-o,NegTarg1,1
162,gpt4-o,Type,1
163,gpt4-o,NegTarg1,1
163,gpt4-o,Type,1
163,gpt4-o,ArtBias,4
163,gpt4-o,HeadAcc1,4
163,gpt4-o,LedePres,2
163,gpt4-o,SensLang,3
163,gpt4-o,NegTarg2,['4']
164,gpt4-o,ArtBias,3
164,gpt4-o,HeadAcc1,4
164,gpt4-o,LedePres,2
164,gpt4-o,NegTarg1,1
164,gpt4-o,NegTarg2,['4']
164,gpt4-o,Type,1
164,gpt4-o,SensLang,2
165,gpt4-o,NegTarg2,['-1']
165,gpt4-o,NegTarg1,1
165,gpt4-o,ArtBias,3
165,gpt4-o,LedePres,2
165,gpt4-o,HeadAcc1,4
165,gpt4-o,SensLang,3
165,gpt4-o,Type,1
166,gpt4-o,LedePres,1
166,gpt4-o,NegTarg1,1
166,gpt4-o,SensLang,3
166,gpt4-o,Type,1
166,gpt4-o,HeadAcc1,4
166,gpt4-o,ArtBias,3
166,gpt4-o,NegTarg2,['-1']
168,gpt4-o,LedePres,2
168,gpt4-o,SensLang,4
168,gpt4-o,NegTarg2,['-1']
168,gpt4-o,NegTarg1,1
168,gpt4-o,ArtBias,4
168,gpt4-o,HeadAcc1,4
168,gpt4-o,Type,1
169,gpt4-o,NegTarg2,['1']
169,gpt4-o,LedePres,2
169,gpt4-o,ArtBias,2
169,gpt4-o,NegTarg1,2
169,gpt4-o,HeadAcc1,3
169,gpt4-o,SensLang,2
169,gpt4-o,Type,1
170,gpt4-o,HeadAcc1,3
170,gpt4-o,NegTarg1,1
170,gpt4-o,Type,1
170,gpt4-o,ArtBias,4
170,gpt4-o,NegTarg2,['-1']
170,gpt4-o,LedePres,1
170,gpt4-o,SensLang,4
171,gpt4-o,LedePres,1
171,gpt4-o,Type,1
171,gpt4-o,SensLang,4
171,gpt4-o,ArtBias,4
171,gpt4-o,HeadAcc1,4
171,gpt4-o,NegTarg2,['-1']
171,gpt4-o,NegTarg1,1
172,gpt4-o,SensLang,3
172,gpt4-o,NegTarg2,['4']
172,gpt4-o,LedePres,2
172,gpt4-o,NegTarg1,2
172,gpt4-o,HeadAcc1,3
172,gpt4-o,ArtBias,3
172,gpt4-o,Type,1
173,gpt4-o,NegTarg2,['1']
173,gpt4-o,ArtBias,3
173,gpt4-o,HeadAcc1,3
173,gpt4-o,LedePres,1
173,gpt4-o,NegTarg1,1
173,gpt4-o,Type,1
173,gpt4-o,SensLang,3
174,gpt4-o,Type,1
174,gpt4-o,NegTarg2,['4']
174,gpt4-o,SensLang,4
174,gpt4-o,LedePres,2
174,gpt4-o,HeadAcc1,4
174,gpt4-o,NegTarg1,1
174,gpt4-o,ArtBias,4
175,gpt4-o,Type,1
175,gpt4-o,HeadAcc1,4
175,gpt4-o,ArtBias,4
175,gpt4-o,SensLang,4
175,gpt4-o,NegTarg2,['1']
175,gpt4-o,NegTarg1,1
175,gpt4-o,LedePres,2
176,gpt4-o,Type,1
176,gpt4-o,SensLang,4
176,gpt4-o,NegTarg2,['-1']
176,gpt4-o,LedePres,1
176,gpt4-o,ArtBias,4
176,gpt4-o,NegTarg1,1
176,gpt4-o,HeadAcc1,3
177,gpt4-o,Type,1
177,gpt4-o,ArtBias,4
177,gpt4-o,HeadAcc1,4
177,gpt4-o,SensLang,4
177,gpt4-o,LedePres,2
177,gpt4-o,NegTarg1,1
177,gpt4-o,NegTarg2,['-1']
178,gpt4-o,NegTarg1,1
178,gpt4-o,SensLang,3
178,gpt4-o,Type,1
178,gpt4-o,LedePres,2
178,gpt4-o,HeadAcc1,2
178,gpt4-o,ArtBias,4
178,gpt4-o,NegTarg2,['-1']
179,gpt4-o,ArtBias,3
179,gpt4-o,NegTarg1,1
179,gpt4-o,Type,1
179,gpt4-o,HeadAcc1,4
179,gpt4-o,LedePres,1
179,gpt4-o,SensLang,3
179,gpt4-o,NegTarg2,['-1']
180,gpt4-o,ArtBias,3
180,gpt4-o,NegTarg2,['-1']
180,gpt4-o,NegTarg1,1
180,gpt4-o,Type,1
180,gpt4-o,SensLang,3
180,gpt4-o,HeadAcc1,4
180,gpt4-o,LedePres,2
181,gpt4-o,SensLang,4
181,gpt4-o,NegTarg1,1
181,gpt4-o,ArtBias,3
181,gpt4-o,LedePres,1
181,gpt4-o,NegTarg2,['-1']
181,gpt4-o,HeadAcc1,4
181,gpt4-o,Type,1
182,gpt4-o,HeadAcc1,3
182,gpt4-o,SensLang,2
182,gpt4-o,Type,1
182,gpt4-o,NegTarg2,['2']
182,gpt4-o,ArtBias,1
182,gpt4-o,LedePres,1
182,gpt4-o,NegTarg1,2
183,gpt4-o,LedePres,2
183,gpt4-o,NegTarg1,1
183,gpt4-o,SensLang,3
183,gpt4-o,ArtBias,3
183,gpt4-o,Type,1
183,gpt4-o,NegTarg2,['4']
183,gpt4-o,HeadAcc1,4
184,gpt4-o,LedePres,1
184,gpt4-o,NegTarg1,1
184,gpt4-o,NegTarg2,['-1']
184,gpt4-o,SensLang,3
184,gpt4-o,ArtBias,3
184,gpt4-o,Type,1
184,gpt4-o,HeadAcc1,4
185,gpt4-o,SensLang,2
185,gpt4-o,ArtBias,1
185,gpt4-o,HeadAcc1,2
185,gpt4-o,LedePres,1
185,gpt4-o,Type,2
185,gpt4-o,NegTarg1,2
185,gpt4-o,NegTarg2,['1']
186,gpt4-o,Type,2
186,gpt4-o,NegTarg2,['1']
186,gpt4-o,LedePres,1
186,gpt4-o,NegTarg1,2
186,gpt4-o,HeadAcc1,3
186,gpt4-o,ArtBias,1
186,gpt4-o,SensLang,2
187,gpt4-o,SensLang,3
187,gpt4-o,NegTarg1,1
187,gpt4-o,ArtBias,3
187,gpt4-o,HeadAcc1,4
187,gpt4-o,NegTarg2,['-1']
187,gpt4-o,Type,1
187,gpt4-o,LedePres,1
188,gpt4-o,ArtBias,3
188,gpt4-o,LedePres,1
188,gpt4-o,NegTarg1,1
188,gpt4-o,NegTarg2,['4']
188,gpt4-o,Type,1
188,gpt4-o,HeadAcc1,4
188,gpt4-o,SensLang,3
189,gpt4-o,Type,1
189,gpt4-o,NegTarg1,2
189,gpt4-o,LedePres,1
189,gpt4-o,NegTarg2,['1']
189,gpt4-o,ArtBias,2
189,gpt4-o,SensLang,2
189,gpt4-o,HeadAcc1,4
190,gpt4-o,NegTarg2,['-1']
190,gpt4-o,LedePres,2
190,gpt4-o,NegTarg1,1
190,gpt4-o,SensLang,4
190,gpt4-o,Type,1
190,gpt4-o,ArtBias,4
190,gpt4-o,HeadAcc1,4
191,gpt4-o,LedePres,2
191,gpt4-o,HeadAcc1,4
191,gpt4-o,NegTarg2,['4']
191,gpt4-o,SensLang,3
191,gpt4-o,Type,1
191,gpt4-o,NegTarg1,1
191,gpt4-o,ArtBias,4
192,gpt4-o,NegTarg2,['1']
192,gpt4-o,NegTarg1,2
192,gpt4-o,SensLang,2
192,gpt4-o,ArtBias,1
192,gpt4-o,LedePres,1
192,gpt4-o,HeadAcc1,3
192,gpt4-o,Type,2
193,gpt4-o,SensLang,4
193,gpt4-o,NegTarg1,1
193,gpt4-o,LedePres,1
193,gpt4-o,HeadAcc1,4
193,gpt4-o,Type,1
193,gpt4-o,ArtBias,3
193,gpt4-o,NegTarg2,['-1']
194,gpt4-o,Type,1
194,gpt4-o,SensLang,2
194,gpt4-o,LedePres,1
194,gpt4-o,HeadAcc1,4
194,gpt4-o,ArtBias,3
194,gpt4-o,NegTarg2,['1']
194,gpt4-o,NegTarg1,2
195,gpt4-o,NegTarg2,['-1']
195,gpt4-o,NegTarg1,1
195,gpt4-o,LedePres,2
195,gpt4-o,ArtBias,4
195,gpt4-o,SensLang,4
195,gpt4-o,Type,1
195,gpt4-o,HeadAcc1,4
196,gpt4-o,SensLang,2
196,gpt4-o,NegTarg2,['2']
196,gpt4-o,NegTarg1,2
196,gpt4-o,Type,3
196,gpt4-o,LedePres,1
196,gpt4-o,HeadAcc1,3
196,gpt4-o,ArtBias,1
197,gpt4-o,NegTarg2,['1']
197,gpt4-o,Type,1
197,gpt4-o,SensLang,3
197,gpt4-o,ArtBias,3
197,gpt4-o,HeadAcc1,4
197,gpt4-o,NegTarg1,2
197,gpt4-o,LedePres,1
198,gpt4-o,HeadAcc1,4
198,gpt4-o,LedePres,1
198,gpt4-o,NegTarg1,2
198,gpt4-o,NegTarg2,['1']
198,gpt4-o,Type,2
198,gpt4-o,SensLang,3
198,gpt4-o,ArtBias,2
199,gpt4-o,LedePres,1
199,gpt4-o,NegTarg1,1
199,gpt4-o,NegTarg2,['-1']
199,gpt4-o,Type,1
199,gpt4-o,HeadAcc1,4
199,gpt4-o,SensLang,2
199,gpt4-o,ArtBias,3
200,gpt4-o,ArtBias,3
200,gpt4-o,NegTarg1,1
200,gpt4-o,LedePres,1
200,gpt4-o,HeadAcc1,4
200,gpt4-o,NegTarg2,['-1']
200,gpt4-o,Type,5
200,gpt4-o,SensLang,3
201,gpt4-o,LedePres,2
201,gpt4-o,NegTarg2,['4']
201,gpt4-o,Type,1
201,gpt4-o,SensLang,3
201,gpt4-o,NegTarg1,1
201,gpt4-o,HeadAcc1,3
201,gpt4-o,ArtBias,3
202,gpt4-o,SensLang,2
202,gpt4-o,ArtBias,3
202,gpt4-o,Type,1
202,gpt4-o,HeadAcc1,3
202,gpt4-o,NegTarg2,['4']
202,gpt4-o,NegTarg1,1
202,gpt4-o,LedePres,1
203,gpt4-o,Type,1
203,gpt4-o,LedePres,1
203,gpt4-o,NegTarg1,1
203,gpt4-o,NegTarg2,"['1', '3']"
203,gpt4-o,HeadAcc1,4
203,gpt4-o,ArtBias,3
203,gpt4-o,SensLang,3
204,gpt4-o,ArtBias,2
204,gpt4-o,Type,1
204,gpt4-o,HeadAcc1,4
204,gpt4-o,NegTarg1,1
204,gpt4-o,LedePres,1
204,gpt4-o,SensLang,2
204,gpt4-o,NegTarg2,['1']
205,gpt4-o,SensLang,3
205,gpt4-o,Type,5
205,gpt4-o,LedePres,1
205,gpt4-o,NegTarg1,1
205,gpt4-o,ArtBias,4
205,gpt4-o,HeadAcc1,3
205,gpt4-o,NegTarg2,['-1']
206,gpt4-o,SensLang,4
206,gpt4-o,HeadAcc1,4
206,gpt4-o,LedePres,2
206,gpt4-o,ArtBias,4
206,gpt4-o,NegTarg1,1
206,gpt4-o,NegTarg2,['-1']
206,gpt4-o,Type,1
207,gpt4-o,HeadAcc1,4
207,gpt4-o,Type,1
207,gpt4-o,NegTarg2,['-1']
207,gpt4-o,NegTarg1,1
207,gpt4-o,SensLang,4
207,gpt4-o,LedePres,1
207,gpt4-o,ArtBias,3
208,gpt4-o,NegTarg1,1
208,gpt4-o,NegTarg2,['4']
208,gpt4-o,LedePres,1
208,gpt4-o,ArtBias,3
208,gpt4-o,SensLang,3
208,gpt4-o,Type,1
208,gpt4-o,HeadAcc1,3
209,gpt4-o,NegTarg2,['1']
209,gpt4-o,ArtBias,2
209,gpt4-o,Type,1
209,gpt4-o,SensLang,2
209,gpt4-o,LedePres,1
209,gpt4-o,HeadAcc1,4
209,gpt4-o,NegTarg1,1
210,gpt4-o,ArtBias,3
210,gpt4-o,SensLang,2
210,gpt4-o,HeadAcc1,3
210,gpt4-o,Type,1
210,gpt4-o,NegTarg2,['1']
210,gpt4-o,LedePres,1
210,gpt4-o,NegTarg1,2
211,gpt4-o,SensLang,4
211,gpt4-o,Type,1
211,gpt4-o,NegTarg2,['-1']
211,gpt4-o,NegTarg1,1
211,gpt4-o,ArtBias,4
211,gpt4-o,LedePres,1
211,gpt4-o,HeadAcc1,4
212,gpt4-o,NegTarg1,1
212,gpt4-o,SensLang,3
212,gpt4-o,NegTarg2,['1']
212,gpt4-o,ArtBias,3
212,gpt4-o,HeadAcc1,4
212,gpt4-o,LedePres,1
212,gpt4-o,Type,1
213,gpt4-o,ArtBias,3
213,gpt4-o,HeadAcc1,3
213,gpt4-o,LedePres,1
213,gpt4-o,Type,5
213,gpt4-o,SensLang,2
213,gpt4-o,NegTarg2,['4']
213,gpt4-o,NegTarg1,1
214,gpt4-o,Type,1
214,gpt4-o,SensLang,2
214,gpt4-o,LedePres,2
214,gpt4-o,ArtBias,3
215,gpt4-o,ArtBias,2
215,gpt4-o,HeadAcc1,3
215,gpt4-o,NegTarg1,1
215,gpt4-o,LedePres,1
215,gpt4-o,NegTarg2,['1']
215,gpt4-o,Type,1
215,gpt4-o,SensLang,3
216,gpt4-o,NegTarg2,['1']
216,gpt4-o,ArtBias,1
216,gpt4-o,Type,1
216,gpt4-o,LedePres,1
216,gpt4-o,NegTarg1,2
216,gpt4-o,SensLang,2
216,gpt4-o,HeadAcc1,3
217,gpt4-o,ArtBias,4
217,gpt4-o,HeadAcc1,4
217,gpt4-o,Type,1
217,gpt4-o,LedePres,2
217,gpt4-o,NegTarg1,1
217,gpt4-o,NegTarg2,['-1']
217,gpt4-o,SensLang,3
218,gpt4-o,NegTarg1,1
218,gpt4-o,LedePres,1
218,gpt4-o,ArtBias,4
218,gpt4-o,SensLang,4
218,gpt4-o,Type,1
218,gpt4-o,HeadAcc1,3
218,gpt4-o,NegTarg2,['-1']
219,gpt4-o,HeadAcc1,3
219,gpt4-o,LedePres,2
219,gpt4-o,NegTarg1,1
219,gpt4-o,SensLang,3
219,gpt4-o,NegTarg2,['-1']
219,gpt4-o,Type,1
219,gpt4-o,ArtBias,3
220,gpt4-o,NegTarg2,['1']
220,gpt4-o,NegTarg1,1
220,gpt4-o,SensLang,3
220,gpt4-o,ArtBias,2
220,gpt4-o,HeadAcc1,4
220,gpt4-o,Type,1
220,gpt4-o,LedePres,1
221,gpt4-o,ArtBias,3
221,gpt4-o,NegTarg2,['1']
221,gpt4-o,SensLang,3
221,gpt4-o,NegTarg1,2
221,gpt4-o,Type,1
221,gpt4-o,LedePres,2
221,gpt4-o,HeadAcc1,4
222,gpt4-o,Type,1
222,gpt4-o,LedePres,2
222,gpt4-o,ArtBias,3
222,gpt4-o,HeadAcc1,3
222,gpt4-o,SensLang,4
222,gpt4-o,NegTarg2,['4']
222,gpt4-o,NegTarg1,1
223,gpt4-o,HeadAcc1,4
223,gpt4-o,Type,1
223,gpt4-o,NegTarg2,['-1']
223,gpt4-o,ArtBias,4
223,gpt4-o,LedePres,2
223,gpt4-o,SensLang,4
223,gpt4-o,NegTarg1,1
224,gpt4-o,Type,1
224,gpt4-o,LedePres,1
224,gpt4-o,NegTarg2,['1']
224,gpt4-o,SensLang,2
224,gpt4-o,NegTarg1,2
224,gpt4-o,HeadAcc1,4
224,gpt4-o,ArtBias,2
225,gpt4-o,ArtBias,4
225,gpt4-o,HeadAcc1,4
225,gpt4-o,SensLang,3
225,gpt4-o,Type,1
225,gpt4-o,NegTarg2,['-1']
225,gpt4-o,NegTarg1,1
225,gpt4-o,LedePres,2
226,gpt4-o,ArtBias,3
226,gpt4-o,SensLang,3
226,gpt4-o,LedePres,1
226,gpt4-o,Type,1
226,gpt4-o,NegTarg2,['3']
226,gpt4-o,HeadAcc1,4
226,gpt4-o,NegTarg1,1
227,gpt4-o,NegTarg1,1
227,gpt4-o,HeadAcc1,4
227,gpt4-o,LedePres,2
227,gpt4-o,NegTarg2,['4']
227,gpt4-o,ArtBias,3
227,gpt4-o,SensLang,3
227,gpt4-o,Type,1
228,gpt4-o,HeadAcc1,3
228,gpt4-o,NegTarg1,1
228,gpt4-o,NegTarg2,['-1']
228,gpt4-o,ArtBias,4
228,gpt4-o,Type,1
228,gpt4-o,SensLang,4
228,gpt4-o,LedePres,1
229,gpt4-o,NegTarg2,['1']
229,gpt4-o,ArtBias,3
229,gpt4-o,NegTarg1,1
229,gpt4-o,Type,1
229,gpt4-o,SensLang,3
229,gpt4-o,LedePres,2
229,gpt4-o,HeadAcc1,3
230,gpt4-o,HeadAcc1,2
230,gpt4-o,NegTarg1,1
230,gpt4-o,NegTarg2,['-1']
230,gpt4-o,LedePres,2
230,gpt4-o,ArtBias,4
230,gpt4-o,Type,1
230,gpt4-o,SensLang,3
231,gpt4-o,LedePres,1
231,gpt4-o,NegTarg1,1
231,gpt4-o,ArtBias,3
231,gpt4-o,Type,2
231,gpt4-o,HeadAcc1,4
231,gpt4-o,SensLang,3
231,gpt4-o,NegTarg2,['1']
232,gpt4-o,NegTarg2,['-1']
232,gpt4-o,LedePres,1
232,gpt4-o,ArtBias,4
232,gpt4-o,NegTarg1,1
232,gpt4-o,SensLang,3
232,gpt4-o,HeadAcc1,4
232,gpt4-o,Type,1
233,gpt4-o,HeadAcc1,2
233,gpt4-o,ArtBias,3
233,gpt4-o,Type,1
233,gpt4-o,NegTarg2,['-1']
233,gpt4-o,SensLang,3
233,gpt4-o,LedePres,1
233,gpt4-o,NegTarg1,1
234,gpt4-o,Type,1
234,gpt4-o,NegTarg1,1
234,gpt4-o,NegTarg2,['-1']
234,gpt4-o,SensLang,3
234,gpt4-o,HeadAcc1,4
234,gpt4-o,ArtBias,3
234,gpt4-o,LedePres,1
235,gpt4-o,NegTarg1,1
235,gpt4-o,HeadAcc1,4
235,gpt4-o,ArtBias,3
235,gpt4-o,LedePres,2
235,gpt4-o,NegTarg2,['3']
235,gpt4-o,SensLang,3
235,gpt4-o,Type,1
236,gpt4-o,LedePres,1
236,gpt4-o,SensLang,3
236,gpt4-o,Type,1
236,gpt4-o,NegTarg2,['-1']
236,gpt4-o,HeadAcc1,4
236,gpt4-o,NegTarg1,1
236,gpt4-o,ArtBias,3
237,gpt4-o,ArtBias,3
237,gpt4-o,HeadAcc1,4
237,gpt4-o,NegTarg1,1
237,gpt4-o,SensLang,3
237,gpt4-o,Type,1
237,gpt4-o,LedePres,2
237,gpt4-o,NegTarg2,['1']
238,gpt4-o,NegTarg1,1
238,gpt4-o,ArtBias,4
238,gpt4-o,HeadAcc1,4
238,gpt4-o,LedePres,2
238,gpt4-o,SensLang,3
238,gpt4-o,Type,1
238,gpt4-o,NegTarg2,['-1']
239,gpt4-o,Type,1
239,gpt4-o,HeadAcc1,3
239,gpt4-o,SensLang,4
239,gpt4-o,ArtBias,4
239,gpt4-o,NegTarg2,['4']
239,gpt4-o,NegTarg1,1
239,gpt4-o,LedePres,1
240,gpt4-o,NegTarg1,1
240,gpt4-o,NegTarg2,['-1']
240,gpt4-o,Type,1
240,gpt4-o,ArtBias,4
240,gpt4-o,HeadAcc1,4
240,gpt4-o,LedePres,2
240,gpt4-o,SensLang,4
241,gpt4-o,ArtBias,3
241,gpt4-o,HeadAcc1,3
241,gpt4-o,NegTarg1,1
241,gpt4-o,LedePres,1
241,gpt4-o,NegTarg2,['-1']
241,gpt4-o,SensLang,4
241,gpt4-o,Type,1
242,gpt4-o,NegTarg1,1
242,gpt4-o,ArtBias,2
242,gpt4-o,NegTarg2,['1']
242,gpt4-o,SensLang,3
242,gpt4-o,Type,1
242,gpt4-o,HeadAcc1,4
242,gpt4-o,LedePres,1
243,gpt4-o,SensLang,3
243,gpt4-o,NegTarg1,1
243,gpt4-o,ArtBias,3
243,gpt4-o,NegTarg2,['-1']
243,gpt4-o,LedePres,2
243,gpt4-o,Type,1
243,gpt4-o,HeadAcc1,3
244,gpt4-o,HeadAcc1,4
244,gpt4-o,ArtBias,2
244,gpt4-o,NegTarg1,1
244,gpt4-o,Type,1
244,gpt4-o,LedePres,2
244,gpt4-o,NegTarg2,['4']
244,gpt4-o,SensLang,1
245,gpt4-o,HeadAcc1,4
245,gpt4-o,ArtBias,2
245,gpt4-o,NegTarg1,1
245,gpt4-o,LedePres,1
245,gpt4-o,Type,2
245,gpt4-o,NegTarg2,['1']
245,gpt4-o,SensLang,3
246,gpt4-o,Type,1
246,gpt4-o,LedePres,1
246,gpt4-o,HeadAcc1,4
246,gpt4-o,NegTarg1,1
246,gpt4-o,ArtBias,3
246,gpt4-o,NegTarg2,['4']
246,gpt4-o,SensLang,3
247,gpt4-o,NegTarg2,['-1']
247,gpt4-o,NegTarg1,1
247,gpt4-o,LedePres,2
247,gpt4-o,Type,1
247,gpt4-o,SensLang,3
247,gpt4-o,HeadAcc1,4
247,gpt4-o,ArtBias,3
248,gpt4-o,ArtBias,3
248,gpt4-o,HeadAcc1,3
248,gpt4-o,NegTarg1,1
248,gpt4-o,NegTarg2,['2']
248,gpt4-o,Type,3
248,gpt4-o,SensLang,3
248,gpt4-o,LedePres,1
249,gpt4-o,SensLang,4
249,gpt4-o,ArtBias,3
249,gpt4-o,HeadAcc1,4
249,gpt4-o,NegTarg1,1
249,gpt4-o,LedePres,1
249,gpt4-o,NegTarg2,['-1']
249,gpt4-o,Type,1
250,gpt4-o,Type,1
250,gpt4-o,ArtBias,3
250,gpt4-o,HeadAcc1,3
250,gpt4-o,LedePres,2
250,gpt4-o,SensLang,3
250,gpt4-o,NegTarg2,['4']
250,gpt4-o,NegTarg1,1
251,gpt4-o,ArtBias,3
251,gpt4-o,SensLang,3
251,gpt4-o,NegTarg2,['-1']
251,gpt4-o,HeadAcc1,4
251,gpt4-o,Type,2
251,gpt4-o,NegTarg1,1
251,gpt4-o,LedePres,1
252,gpt4-o,NegTarg2,['4']
252,gpt4-o,NegTarg1,1
252,gpt4-o,LedePres,1
252,gpt4-o,ArtBias,4
252,gpt4-o,SensLang,4
252,gpt4-o,Type,1
252,gpt4-o,HeadAcc1,4
253,gpt4-o,LedePres,1
253,gpt4-o,NegTarg1,1
253,gpt4-o,HeadAcc1,2
253,gpt4-o,Type,1
253,gpt4-o,ArtBias,4
253,gpt4-o,NegTarg2,['-1']
253,gpt4-o,SensLang,2
254,gpt4-o,LedePres,2
254,gpt4-o,SensLang,3
254,gpt4-o,ArtBias,3
254,gpt4-o,Type,1
254,gpt4-o,HeadAcc1,4
254,gpt4-o,NegTarg1,1
254,gpt4-o,NegTarg2,['1']
255,gpt4-o,NegTarg1,1
255,gpt4-o,SensLang,4
255,gpt4-o,HeadAcc1,4
255,gpt4-o,ArtBias,4
255,gpt4-o,LedePres,2
255,gpt4-o,Type,1
255,gpt4-o,NegTarg2,['-1']
256,gpt4-o,LedePres,1
256,gpt4-o,NegTarg1,1
256,gpt4-o,NegTarg2,['4']
256,gpt4-o,ArtBias,3
256,gpt4-o,SensLang,3
256,gpt4-o,HeadAcc1,4
256,gpt4-o,Type,2
257,gpt4-o,SensLang,3
257,gpt4-o,NegTarg1,1
257,gpt4-o,ArtBias,3
257,gpt4-o,LedePres,2
257,gpt4-o,NegTarg2,['-1']
257,gpt4-o,Type,1
257,gpt4-o,HeadAcc1,4
258,gpt4-o,ArtBias,4
258,gpt4-o,Type,1
258,gpt4-o,NegTarg2,['4']
258,gpt4-o,HeadAcc1,4
258,gpt4-o,SensLang,3
258,gpt4-o,LedePres,2
258,gpt4-o,NegTarg1,1
259,gpt4-o,SensLang,3
259,gpt4-o,LedePres,2
259,gpt4-o,Type,1
259,gpt4-o,NegTarg2,['-1']
259,gpt4-o,HeadAcc1,4
259,gpt4-o,ArtBias,3
259,gpt4-o,NegTarg1,1
260,gpt4-o,LedePres,1
260,gpt4-o,ArtBias,3
260,gpt4-o,HeadAcc1,4
260,gpt4-o,Type,1
260,gpt4-o,NegTarg1,1
260,gpt4-o,NegTarg2,['4']
260,gpt4-o,SensLang,3
261,gpt4-o,HeadAcc1,4
261,gpt4-o,NegTarg1,1
261,gpt4-o,Type,1
261,gpt4-o,SensLang,3
261,gpt4-o,ArtBias,4
261,gpt4-o,LedePres,2
261,gpt4-o,NegTarg2,['-1']
262,gpt4-o,NegTarg1,1
262,gpt4-o,HeadAcc1,4
262,gpt4-o,Type,1
262,gpt4-o,SensLang,4
262,gpt4-o,NegTarg2,['-1']
262,gpt4-o,ArtBias,4
262,gpt4-o,LedePres,1
263,gpt4-o,HeadAcc1,4
263,gpt4-o,ArtBias,2
263,gpt4-o,Type,1
263,gpt4-o,SensLang,2
263,gpt4-o,NegTarg2,['1']
263,gpt4-o,LedePres,1
263,gpt4-o,NegTarg1,2
265,gpt4-o,LedePres,1
265,gpt4-o,NegTarg1,1
265,gpt4-o,SensLang,3
265,gpt4-o,NegTarg2,['4']
265,gpt4-o,ArtBias,3
265,gpt4-o,Type,1
265,gpt4-o,HeadAcc1,3
266,gpt4-o,SensLang,2
266,gpt4-o,Type,2
266,gpt4-o,HeadAcc1,3
266,gpt4-o,LedePres,1
266,gpt4-o,ArtBias,2
266,gpt4-o,NegTarg2,['4']
266,gpt4-o,NegTarg1,1
267,gpt4-o,SensLang,2
267,gpt4-o,NegTarg1,2
267,gpt4-o,Type,1
267,gpt4-o,ArtBias,1
267,gpt4-o,NegTarg2,"['1', '4']"
267,gpt4-o,HeadAcc1,3
267,gpt4-o,LedePres,1
268,gpt4-o,NegTarg2,['-1']
268,gpt4-o,HeadAcc1,3
268,gpt4-o,Type,1
268,gpt4-o,SensLang,2
268,gpt4-o,ArtBias,3
268,gpt4-o,NegTarg1,1
268,gpt4-o,LedePres,1
269,gpt4-o,Type,1
269,gpt4-o,ArtBias,3
269,gpt4-o,LedePres,2
269,gpt4-o,NegTarg1,1
269,gpt4-o,NegTarg2,['4']
269,gpt4-o,SensLang,3
269,gpt4-o,HeadAcc1,3
270,gpt4-o,NegTarg1,1
270,gpt4-o,NegTarg2,['-1']
270,gpt4-o,LedePres,1
270,gpt4-o,ArtBias,4
270,gpt4-o,Type,2
270,gpt4-o,SensLang,3
270,gpt4-o,HeadAcc1,3
271,gpt4-o,NegTarg2,['-1']
271,gpt4-o,LedePres,1
271,gpt4-o,NegTarg1,1
271,gpt4-o,SensLang,4
271,gpt4-o,Type,2
271,gpt4-o,HeadAcc1,3
271,gpt4-o,ArtBias,3
272,gpt4-o,NegTarg2,['4']
272,gpt4-o,NegTarg1,2
272,gpt4-o,LedePres,1
272,gpt4-o,ArtBias,1
272,gpt4-o,HeadAcc1,3
272,gpt4-o,Type,2
272,gpt4-o,SensLang,1
273,gpt4-o,LedePres,1
273,gpt4-o,NegTarg1,1
273,gpt4-o,HeadAcc1,4
273,gpt4-o,Type,1
273,gpt4-o,NegTarg2,['1']
273,gpt4-o,SensLang,3
273,gpt4-o,ArtBias,3
274,gpt4-o,ArtBias,3
274,gpt4-o,HeadAcc1,4
274,gpt4-o,LedePres,1
274,gpt4-o,NegTarg2,['1']
274,gpt4-o,SensLang,3
274,gpt4-o,Type,1
274,gpt4-o,NegTarg1,1
275,gpt4-o,ArtBias,3
275,gpt4-o,HeadAcc1,4
275,gpt4-o,LedePres,1
275,gpt4-o,Type,1
275,gpt4-o,SensLang,4
275,gpt4-o,NegTarg2,['-1']
275,gpt4-o,NegTarg1,1
276,gpt4-o,SensLang,1
276,gpt4-o,NegTarg2,['1']
276,gpt4-o,LedePres,1
276,gpt4-o,NegTarg1,2
276,gpt4-o,HeadAcc1,4
276,gpt4-o,ArtBias,1
276,gpt4-o,Type,2
277,gpt4-o,LedePres,1
277,gpt4-o,HeadAcc1,3
277,gpt4-o,ArtBias,3
277,gpt4-o,NegTarg1,1
277,gpt4-o,NegTarg2,['4']
277,gpt4-o,SensLang,3
277,gpt4-o,Type,1
278,gpt4-o,ArtBias,3
278,gpt4-o,SensLang,4
278,gpt4-o,Type,1
278,gpt4-o,LedePres,2
278,gpt4-o,HeadAcc1,4
278,gpt4-o,NegTarg2,['-1']
278,gpt4-o,NegTarg1,1
279,gpt4-o,HeadAcc1,4
279,gpt4-o,ArtBias,3
279,gpt4-o,SensLang,3
279,gpt4-o,NegTarg2,['1']
279,gpt4-o,LedePres,1
279,gpt4-o,NegTarg1,1
279,gpt4-o,Type,1
280,gpt4-o,NegTarg1,1
280,gpt4-o,NegTarg2,['-1']
280,gpt4-o,SensLang,3
280,gpt4-o,LedePres,2
280,gpt4-o,ArtBias,3
280,gpt4-o,Type,1
280,gpt4-o,HeadAcc1,4
281,gpt4-o,NegTarg1,1
281,gpt4-o,NegTarg2,['4']
281,gpt4-o,SensLang,3
281,gpt4-o,ArtBias,3
281,gpt4-o,Type,2
281,gpt4-o,HeadAcc1,4
281,gpt4-o,LedePres,1
282,gpt4-o,ArtBias,2
282,gpt4-o,HeadAcc1,4
282,gpt4-o,SensLang,2
282,gpt4-o,NegTarg1,1
282,gpt4-o,LedePres,1
282,gpt4-o,NegTarg2,['1']
282,gpt4-o,Type,1
283,gpt4-o,NegTarg2,['1']
283,gpt4-o,NegTarg1,1
283,gpt4-o,Type,1
283,gpt4-o,SensLang,2
283,gpt4-o,HeadAcc1,4
283,gpt4-o,LedePres,1
283,gpt4-o,ArtBias,2
284,gpt4-o,ArtBias,3
284,gpt4-o,HeadAcc1,4
284,gpt4-o,NegTarg1,1
284,gpt4-o,NegTarg2,['2']
284,gpt4-o,Type,1
284,gpt4-o,SensLang,3
284,gpt4-o,LedePres,2
285,gpt4-o,HeadAcc1,3
285,gpt4-o,NegTarg2,['4']
285,gpt4-o,NegTarg1,1
285,gpt4-o,Type,1
285,gpt4-o,ArtBias,3
285,gpt4-o,LedePres,2
285,gpt4-o,SensLang,3
286,gpt4-o,Type,1
286,gpt4-o,ArtBias,3
286,gpt4-o,HeadAcc1,4
286,gpt4-o,LedePres,2
286,gpt4-o,NegTarg1,1
286,gpt4-o,NegTarg2,['2']
286,gpt4-o,SensLang,3
287,gpt4-o,Type,2
287,gpt4-o,SensLang,1
287,gpt4-o,NegTarg2,['1']
287,gpt4-o,NegTarg1,2
287,gpt4-o,ArtBias,1
287,gpt4-o,HeadAcc1,3
287,gpt4-o,LedePres,1
288,gpt4-o,SensLang,3
288,gpt4-o,Type,1
288,gpt4-o,NegTarg2,['4']
288,gpt4-o,HeadAcc1,4
288,gpt4-o,ArtBias,4
288,gpt4-o,LedePres,2
288,gpt4-o,NegTarg1,1
289,gpt4-o,ArtBias,4
289,gpt4-o,Type,1
289,gpt4-o,NegTarg2,['4']
289,gpt4-o,SensLang,3
289,gpt4-o,HeadAcc1,4
289,gpt4-o,LedePres,2
289,gpt4-o,NegTarg1,1
290,gpt4-o,SensLang,3
290,gpt4-o,Type,1
290,gpt4-o,NegTarg2,['-1']
290,gpt4-o,NegTarg1,1
290,gpt4-o,ArtBias,3
290,gpt4-o,LedePres,1
290,gpt4-o,HeadAcc1,4
291,gpt4-o,ArtBias,3
291,gpt4-o,HeadAcc1,4
291,gpt4-o,Type,1
291,gpt4-o,LedePres,1
291,gpt4-o,NegTarg1,1
291,gpt4-o,NegTarg2,['-1']
291,gpt4-o,SensLang,2
292,gpt4-o,LedePres,1
292,gpt4-o,ArtBias,3
292,gpt4-o,HeadAcc1,4
292,gpt4-o,NegTarg2,['1']
292,gpt4-o,NegTarg1,1
292,gpt4-o,SensLang,3
292,gpt4-o,Type,1
293,gpt4-o,NegTarg2,['4']
293,gpt4-o,Type,1
293,gpt4-o,SensLang,4
293,gpt4-o,NegTarg1,1
293,gpt4-o,LedePres,1
293,gpt4-o,HeadAcc1,3
293,gpt4-o,ArtBias,4
294,gpt4-o,HeadAcc1,3
294,gpt4-o,ArtBias,4
294,gpt4-o,SensLang,4
294,gpt4-o,NegTarg2,['-1']
294,gpt4-o,Type,1
294,gpt4-o,LedePres,2
294,gpt4-o,NegTarg1,1
295,gpt4-o,Type,1
295,gpt4-o,SensLang,2
295,gpt4-o,ArtBias,2
295,gpt4-o,NegTarg2,['1']
295,gpt4-o,HeadAcc1,2
295,gpt4-o,LedePres,1
295,gpt4-o,NegTarg1,1
296,gpt4-o,Type,1
296,gpt4-o,NegTarg1,2
296,gpt4-o,LedePres,1
296,gpt4-o,HeadAcc1,3
296,gpt4-o,ArtBias,3
296,gpt4-o,NegTarg2,['1']
296,gpt4-o,SensLang,3
297,gpt4-o,HeadAcc1,4
297,gpt4-o,SensLang,3
297,gpt4-o,LedePres,1
297,gpt4-o,ArtBias,2
297,gpt4-o,NegTarg2,['1']
297,gpt4-o,Type,1
297,gpt4-o,NegTarg1,1
298,gpt4-o,NegTarg2,['4']
298,gpt4-o,ArtBias,4
298,gpt4-o,Type,1
298,gpt4-o,SensLang,4
298,gpt4-o,LedePres,2
298,gpt4-o,HeadAcc1,4
298,gpt4-o,NegTarg1,1
299,gpt4-o,ArtBias,4
299,gpt4-o,HeadAcc1,4
299,gpt4-o,NegTarg2,['4']
299,gpt4-o,Type,1
299,gpt4-o,SensLang,4
299,gpt4-o,LedePres,1
299,gpt4-o,NegTarg1,1
300,gpt4-o,HeadAcc1,2
300,gpt4-o,LedePres,1
300,gpt4-o,NegTarg2,['1']
300,gpt4-o,NegTarg1,1
300,gpt4-o,ArtBias,3
300,gpt4-o,SensLang,3
300,gpt4-o,Type,1
301,gpt4-o,HeadAcc1,4
301,gpt4-o,ArtBias,3
301,gpt4-o,NegTarg1,1
301,gpt4-o,LedePres,1
301,gpt4-o,SensLang,3
301,gpt4-o,NegTarg2,['-1']
301,gpt4-o,Type,3
302,gpt4-o,HeadAcc1,3
302,gpt4-o,NegTarg1,1
302,gpt4-o,LedePres,1
302,gpt4-o,NegTarg2,['1']
302,gpt4-o,Type,1
302,gpt4-o,ArtBias,3
302,gpt4-o,SensLang,3
303,gpt4-o,ArtBias,2
303,gpt4-o,HeadAcc1,4
303,gpt4-o,LedePres,1
303,gpt4-o,NegTarg1,1
303,gpt4-o,SensLang,3
303,gpt4-o,NegTarg2,['1']
303,gpt4-o,Type,2
304,gpt4-o,ArtBias,1
304,gpt4-o,NegTarg2,['1']
304,gpt4-o,SensLang,1
304,gpt4-o,Type,1
304,gpt4-o,NegTarg1,2
304,gpt4-o,LedePres,1
304,gpt4-o,HeadAcc1,3
305,gpt4-o,HeadAcc1,4
305,gpt4-o,NegTarg2,['-1']
305,gpt4-o,ArtBias,3
305,gpt4-o,LedePres,1
305,gpt4-o,NegTarg1,1
305,gpt4-o,Type,5
305,gpt4-o,SensLang,3
306,gpt4-o,SensLang,4
306,gpt4-o,HeadAcc1,4
306,gpt4-o,Type,1
306,gpt4-o,LedePres,1
306,gpt4-o,NegTarg1,1
306,gpt4-o,ArtBias,4
306,gpt4-o,NegTarg2,['4']
307,gpt4-o,Type,1
307,gpt4-o,HeadAcc1,4
307,gpt4-o,ArtBias,1
307,gpt4-o,NegTarg1,2
307,gpt4-o,LedePres,1
307,gpt4-o,NegTarg2,['1']
307,gpt4-o,SensLang,2
308,gpt4-o,HeadAcc1,4
308,gpt4-o,Type,1
308,gpt4-o,LedePres,2
308,gpt4-o,SensLang,3
308,gpt4-o,NegTarg1,1
308,gpt4-o,ArtBias,4
308,gpt4-o,NegTarg2,['-1']
309,gpt4-o,NegTarg1,1
309,gpt4-o,NegTarg2,['-1']
309,gpt4-o,ArtBias,4
309,gpt4-o,LedePres,2
309,gpt4-o,Type,1
309,gpt4-o,SensLang,4
309,gpt4-o,HeadAcc1,4
310,gpt4-o,ArtBias,3
310,gpt4-o,HeadAcc1,3
310,gpt4-o,LedePres,1
310,gpt4-o,NegTarg2,['1']
310,gpt4-o,Type,1
310,gpt4-o,NegTarg1,1
310,gpt4-o,SensLang,3
311,gpt4-o,Type,5
311,gpt4-o,SensLang,3
311,gpt4-o,HeadAcc1,2
311,gpt4-o,NegTarg2,['4']
311,gpt4-o,ArtBias,2
311,gpt4-o,NegTarg1,1
311,gpt4-o,LedePres,1
312,gpt4-o,NegTarg2,['1']
312,gpt4-o,NegTarg1,2
312,gpt4-o,SensLang,2
312,gpt4-o,Type,1
312,gpt4-o,ArtBias,3
312,gpt4-o,LedePres,1
312,gpt4-o,HeadAcc1,3
313,gpt4-o,ArtBias,1
313,gpt4-o,LedePres,1
313,gpt4-o,HeadAcc1,4
313,gpt4-o,SensLang,1
313,gpt4-o,NegTarg2,"['1', '3']"
313,gpt4-o,Type,1
313,gpt4-o,NegTarg1,2
314,gpt4-o,LedePres,1
314,gpt4-o,HeadAcc1,4
314,gpt4-o,ArtBias,3
314,gpt4-o,Type,1
314,gpt4-o,NegTarg1,1
314,gpt4-o,NegTarg2,['-1']
314,gpt4-o,SensLang,3
315,gpt4-o,NegTarg2,['-1']
315,gpt4-o,ArtBias,4
315,gpt4-o,SensLang,4
315,gpt4-o,Type,1
315,gpt4-o,HeadAcc1,4
315,gpt4-o,LedePres,2
315,gpt4-o,NegTarg1,1
317,gpt4-o,HeadAcc1,3
317,gpt4-o,ArtBias,1
317,gpt4-o,NegTarg2,['1']
317,gpt4-o,SensLang,2
317,gpt4-o,LedePres,1
317,gpt4-o,NegTarg1,2
317,gpt4-o,Type,1
318,gpt4-o,LedePres,2
318,gpt4-o,ArtBias,4
318,gpt4-o,Type,1
318,gpt4-o,HeadAcc1,4
318,gpt4-o,NegTarg2,['4']
318,gpt4-o,NegTarg1,1
318,gpt4-o,SensLang,4
319,gpt4-o,HeadAcc1,4
319,gpt4-o,NegTarg1,1
319,gpt4-o,SensLang,3
319,gpt4-o,Type,1
319,gpt4-o,NegTarg2,['1']
319,gpt4-o,LedePres,2
319,gpt4-o,ArtBias,3
320,gpt4-o,ArtBias,3
320,gpt4-o,HeadAcc1,4
320,gpt4-o,NegTarg2,['-1']
320,gpt4-o,Type,1
320,gpt4-o,SensLang,3
320,gpt4-o,LedePres,2
320,gpt4-o,NegTarg1,1
321,gpt4-o,Type,1
321,gpt4-o,LedePres,2
321,gpt4-o,HeadAcc1,4
321,gpt4-o,NegTarg1,1
321,gpt4-o,ArtBias,3
321,gpt4-o,SensLang,3
321,gpt4-o,NegTarg2,['-1']
322,gpt4-o,HeadAcc1,3
322,gpt4-o,LedePres,1
322,gpt4-o,ArtBias,3
322,gpt4-o,NegTarg1,1
322,gpt4-o,Type,1
322,gpt4-o,SensLang,3
323,gpt4-o,ArtBias,3
323,gpt4-o,NegTarg2,['4']
323,gpt4-o,LedePres,1
323,gpt4-o,HeadAcc1,4
323,gpt4-o,NegTarg1,1
323,gpt4-o,Type,1
323,gpt4-o,SensLang,2
324,gpt4-o,LedePres,1
324,gpt4-o,HeadAcc1,3
324,gpt4-o,ArtBias,1
324,gpt4-o,NegTarg1,2
324,gpt4-o,SensLang,1
324,gpt4-o,NegTarg2,['1']
324,gpt4-o,Type,2
325,gpt4-o,LedePres,2
325,gpt4-o,SensLang,4
325,gpt4-o,NegTarg2,['4']
325,gpt4-o,ArtBias,4
325,gpt4-o,HeadAcc1,4
325,gpt4-o,NegTarg1,1
325,gpt4-o,Type,1
326,gpt4-o,ArtBias,3
326,gpt4-o,HeadAcc1,4
326,gpt4-o,NegTarg1,1
326,gpt4-o,LedePres,2
326,gpt4-o,NegTarg2,['-1']
326,gpt4-o,SensLang,3
326,gpt4-o,Type,1
327,gpt4-o,NegTarg1,2
327,gpt4-o,NegTarg2,['1']
327,gpt4-o,SensLang,1
327,gpt4-o,Type,2
327,gpt4-o,ArtBias,1
327,gpt4-o,HeadAcc1,3
327,gpt4-o,LedePres,1
328,gpt4-o,NegTarg1,1
328,gpt4-o,SensLang,4
328,gpt4-o,Type,1
328,gpt4-o,LedePres,2
328,gpt4-o,NegTarg2,['4']
328,gpt4-o,HeadAcc1,4
328,gpt4-o,ArtBias,4
329,gpt4-o,LedePres,1
329,gpt4-o,NegTarg2,['4']
329,gpt4-o,ArtBias,4
329,gpt4-o,NegTarg1,1
329,gpt4-o,Type,1
329,gpt4-o,SensLang,4
329,gpt4-o,HeadAcc1,4
330,gpt4-o,HeadAcc1,4
330,gpt4-o,NegTarg2,['1']
330,gpt4-o,LedePres,2
330,gpt4-o,ArtBias,3
330,gpt4-o,SensLang,3
330,gpt4-o,Type,1
330,gpt4-o,NegTarg1,1
331,gpt4-o,HeadAcc1,3
331,gpt4-o,NegTarg1,2
331,gpt4-o,SensLang,2
331,gpt4-o,ArtBias,1
331,gpt4-o,NegTarg2,['1']
331,gpt4-o,LedePres,1
331,gpt4-o,Type,1
332,gpt4-o,NegTarg1,1
332,gpt4-o,Type,1
332,gpt4-o,SensLang,3
332,gpt4-o,NegTarg2,['1']
332,gpt4-o,HeadAcc1,3
332,gpt4-o,LedePres,1
332,gpt4-o,ArtBias,3
333,gpt4-o,ArtBias,3
333,gpt4-o,HeadAcc1,1
333,gpt4-o,Type,5
333,gpt4-o,NegTarg2,['-1']
333,gpt4-o,NegTarg1,1
333,gpt4-o,LedePres,1
333,gpt4-o,SensLang,2
334,gpt4-o,NegTarg1,1
334,gpt4-o,NegTarg2,['-1']
334,gpt4-o,ArtBias,4
334,gpt4-o,LedePres,1
334,gpt4-o,SensLang,4
334,gpt4-o,Type,1
334,gpt4-o,HeadAcc1,4
335,gpt4-o,NegTarg1,1
335,gpt4-o,LedePres,1
335,gpt4-o,NegTarg2,['4']
335,gpt4-o,ArtBias,3
335,gpt4-o,Type,1
335,gpt4-o,SensLang,3
335,gpt4-o,HeadAcc1,3
336,gpt4-o,SensLang,3
336,gpt4-o,LedePres,2
336,gpt4-o,HeadAcc1,4
336,gpt4-o,Type,1
336,gpt4-o,ArtBias,4
336,gpt4-o,NegTarg1,1
336,gpt4-o,NegTarg2,['-1']
337,gpt4-o,ArtBias,2
337,gpt4-o,Type,2
337,gpt4-o,LedePres,1
337,gpt4-o,SensLang,3
337,gpt4-o,NegTarg1,1
337,gpt4-o,HeadAcc1,3
337,gpt4-o,NegTarg2,['-1']
338,gpt4-o,HeadAcc1,4
338,gpt4-o,Type,1
338,gpt4-o,NegTarg2,['-1']
338,gpt4-o,LedePres,1
338,gpt4-o,SensLang,4
338,gpt4-o,NegTarg1,1
338,gpt4-o,ArtBias,3
339,gpt4-o,HeadAcc1,3
339,gpt4-o,ArtBias,4
339,gpt4-o,NegTarg2,['-1']
339,gpt4-o,SensLang,4
339,gpt4-o,Type,1
339,gpt4-o,LedePres,2
339,gpt4-o,NegTarg1,1
340,gpt4-o,NegTarg1,1
340,gpt4-o,LedePres,1
340,gpt4-o,SensLang,3
340,gpt4-o,Type,1
340,gpt4-o,HeadAcc1,3
340,gpt4-o,ArtBias,3
340,gpt4-o,NegTarg2,['1']
341,gpt4-o,LedePres,2
341,gpt4-o,SensLang,4
341,gpt4-o,NegTarg2,['-1']
341,gpt4-o,Type,1
341,gpt4-o,NegTarg1,1
341,gpt4-o,HeadAcc1,4
341,gpt4-o,ArtBias,4
342,gpt4-o,HeadAcc1,4
342,gpt4-o,ArtBias,4
342,gpt4-o,SensLang,4
342,gpt4-o,Type,1
342,gpt4-o,NegTarg2,['-1']
342,gpt4-o,NegTarg1,1
342,gpt4-o,LedePres,2
343,gpt4-o,HeadAcc1,4
343,gpt4-o,ArtBias,4
343,gpt4-o,LedePres,2
343,gpt4-o,NegTarg1,1
343,gpt4-o,SensLang,3
343,gpt4-o,NegTarg2,['-1']
343,gpt4-o,Type,1
344,gpt4-o,LedePres,2
344,gpt4-o,ArtBias,3
344,gpt4-o,HeadAcc1,4
344,gpt4-o,SensLang,3
344,gpt4-o,Type,1
344,gpt4-o,NegTarg2,['1']
344,gpt4-o,NegTarg1,1
345,gpt4-o,SensLang,3
345,gpt4-o,NegTarg2,['1']
345,gpt4-o,Type,1
345,gpt4-o,LedePres,1
345,gpt4-o,NegTarg1,1
345,gpt4-o,ArtBias,3
345,gpt4-o,HeadAcc1,3
346,gpt4-o,SensLang,2
346,gpt4-o,LedePres,1
346,gpt4-o,ArtBias,2
346,gpt4-o,NegTarg2,['1']
346,gpt4-o,NegTarg1,2
346,gpt4-o,HeadAcc1,3
346,gpt4-o,Type,1
347,gpt4-o,ArtBias,4
347,gpt4-o,LedePres,2
347,gpt4-o,NegTarg1,1
347,gpt4-o,HeadAcc1,4
347,gpt4-o,Type,1
347,gpt4-o,SensLang,3
347,gpt4-o,NegTarg2,['4']
348,gpt4-o,NegTarg1,1
348,gpt4-o,Type,1
348,gpt4-o,ArtBias,3
348,gpt4-o,LedePres,1
348,gpt4-o,HeadAcc1,3
348,gpt4-o,SensLang,4
348,gpt4-o,NegTarg2,['-1']
349,gpt4-o,HeadAcc1,2
349,gpt4-o,NegTarg2,['1']
349,gpt4-o,LedePres,1
349,gpt4-o,ArtBias,1
349,gpt4-o,Type,2
349,gpt4-o,NegTarg1,2
349,gpt4-o,SensLang,2
350,gpt4-o,HeadAcc1,4
350,gpt4-o,LedePres,2
350,gpt4-o,Type,1
350,gpt4-o,SensLang,3
350,gpt4-o,NegTarg1,2
350,gpt4-o,NegTarg2,['4']
350,gpt4-o,ArtBias,3
351,gpt4-o,NegTarg1,1
351,gpt4-o,HeadAcc1,3
351,gpt4-o,LedePres,1
351,gpt4-o,ArtBias,4
351,gpt4-o,Type,1
351,gpt4-o,SensLang,4
351,gpt4-o,NegTarg2,['-1']
352,gpt4-o,NegTarg2,['1']
352,gpt4-o,SensLang,3
352,gpt4-o,NegTarg1,1
352,gpt4-o,LedePres,1
352,gpt4-o,Type,2
352,gpt4-o,ArtBias,3
352,gpt4-o,HeadAcc1,3
